[
  {
    "ID": 1,
    "name": "跳跳哥哥",
    "othername": "跳哥",
    "chapter1": "第10章（困难）——鬼为谁买醉——BOSS<酒吞童子>（跳跳哥哥*1）&#10;",
    "chapter2": "第12章（困难）——另一个晴明——BOSS<雪女>（跳跳哥哥*2）&#10;",
    "chapter3": null,
    "chapter4": null,
    "chapter5": null,
    "chapter6": null,
    "chapter7": null,
    "chapter8": null,
    "chapter9": null,
    "chapter10": null,
    "clue": "蜡烛、棺材",
    "yuhun1": "御魂5，第二层，（跳跳哥哥*1）",
    "yuhun2": null,
    "yuhun3": null,
    "yuhun4": null,
    "yqfy1": "跳跳哥哥——第三层，（跳跳哥哥*3）",
    "yqfy2": null,
    "yqfy3": null,
    "yqfy4": null,
    "yqfy5": null,
    "gwfy1": "跳跳妹妹——第三层（跳跳哥哥*1）",
    "gwfy2": null,
    "gwfy3": null,
    "gwfy4": null,
    "gwfy5": null,
    "gwfy6": null,
    "advice": "妖气封印——跳跳哥哥",
    "quantity": 3,
    "sushi": "（消耗体力*3）"
  },
  {
    "ID": 2,
    "name": "鲤鱼精",
    "chapter1": "第7章（困难）——恋上鲤的美——妖怪1<鲤鱼精>（鲤鱼精*3）——妖怪2<鲤鱼精>（鲤鱼精*1）——妖怪3<河童>（鲤鱼精*1）——妖怪6<提灯小僧（右）>（鲤鱼精*2）",
    "chapter2": null,
    "chapter3": null,
    "chapter4": null,
    "chapter5": null,
    "chapter6": null,
    "chapter7": null,
    "chapter8": null,
    "chapter9": null,
    "chapter10": null,
    "clue": "水泡、尾巴、水池",
    "yuhun1": "御魂2，第一层，（鲤鱼精*1）",
    "yuhun2": "御魂3，第二层，（鲤鱼精*1）",
    "yuhun3": "御魂9，第一层，（鲤鱼精*1）",
    "yuhun4": null,
    "yqfy1": null,
    "yqfy2": null,
    "yqfy3": null,
    "yqfy4": null,
    "yqfy5": null,
    "gwfy1": "河童——第三层（鲤鱼精*3）",
    "gwfy2": "鲤鱼精——第三层（鲤鱼精*3）",
    "gwfy3": null,
    "gwfy4": null,
    "gwfy5": null,
    "gwfy6": null,
    "advice": "第7章——恋上鲤的美",
    "quantity": 3,
    "sushi": "（消耗体力*3）"
  },
  {
    "ID": 3,
    "name": "吸血姬",
    "chapter1": null,
    "chapter2": null,
    "chapter3": null,
    "chapter4": null,
    "chapter5": null,
    "chapter6": null,
    "chapter7": null,
    "chapter8": null,
    "chapter9": null,
    "chapter10": null,
    "clue": "血、蝙蝠",
    "yuhun1": "御魂2，第二层，（吸血姬*1）",
    "yuhun2": null,
    "yuhun3": null,
    "yuhun4": null,
    "yqfy1": null,
    "yqfy2": null,
    "yqfy3": null,
    "yqfy4": null,
    "yqfy5": null,
    "gwfy1": "吸血姬——第三层（吸血姬*6）",
    "gwfy2": null,
    "gwfy3": null,
    "gwfy4": null,
    "gwfy5": null,
    "gwfy6": null,
    "advice": "御魂2",
    "quantity": 1,
    "sushi": "（消耗体力*4）"
  },
  {
    "ID": 4,
    "name": "雨女",
    "chapter1": "第4章（困难）——桥上的雨女——BOSS<雨女>（雨女*1）&#10;",
    "chapter2": null,
    "chapter3": null,
    "chapter4": null,
    "chapter5": null,
    "chapter6": null,
    "chapter7": null,
    "chapter8": null,
    "chapter9": null,
    "chapter10": null,
    "clue": "泪珠、雨、伞",
    "yuhun1": "御魂6，第一层，（雨女*1）",
    "yuhun2": null,
    "yuhun3": null,
    "yuhun4": null,
    "yqfy1": null,
    "yqfy2": null,
    "yqfy3": null,
    "yqfy4": null,
    "yqfy5": null,
    "gwfy1": null,
    "gwfy2": null,
    "gwfy3": null,
    "gwfy4": null,
    "gwfy5": null,
    "gwfy6": null,
    "advice": "御魂6",
    "quantity": 1,
    "sushi": "（消耗体力*4）"
  },
  {
    "ID": 5,
    "name": "天邪鬼赤",
    "othername": "红屁股",
    "chapter1": "第4章（困难）——桥上的雨女——妖怪4<唐纸伞妖>（坐）（天邪鬼赤*3）——妖怪4<唐纸伞妖>（走）（天邪鬼赤*1）——妖怪5<天邪鬼赤>（天邪鬼赤*1）——妖怪6<天邪鬼赤>（天邪鬼赤*1）&#10;",
    "chapter2": "第5章（困难）——黑夜山的食发鬼——妖怪1<涂壁>（天邪鬼赤*2）——妖怪2<涂壁>（天邪鬼赤*3）——妖怪3<帚神>（睡）（天邪鬼赤*1）——妖怪4<帚神>（走）（天邪鬼赤*1）&#10;",
    "chapter3": "第6章（困难）——似梦非梦——妖怪5<蝴蝶精>（天邪鬼赤*2）——妖怪6<蝴蝶精>（天邪鬼赤*2）&#10;",
    "chapter4": "第7章（困难）——恋上鲤的美——BOSS<妖狐>（天邪鬼赤*2）&#10;",
    "chapter5": "第11章（困难）——染红了的枫叶林——妖怪3<独眼小僧>（左）（天邪鬼赤*2）——妖怪4<独眼小僧>（下）（天邪鬼赤*2）",
    "chapter6": "第13章（困难）——箭与弓道——妖怪1<饿鬼>（天邪鬼赤*3）——妖怪2<饿鬼>（天邪鬼赤*3）——妖怪3<唐纸伞妖>（天邪鬼赤*3）——妖怪4<唐纸伞妖>（天邪鬼赤*1）——妖怪5<饿鬼>（天邪鬼赤*1）——妖怪6<唐纸伞妖>（天邪鬼赤*1）&#10;",
    "chapter7": "第14章（困难）——梦境的邂逅——妖怪1<帚神>（天邪鬼赤*3）——妖怪4<帚神>（天邪鬼赤*3）——妖怪5<帚神>（天邪鬼赤*3）——BOSS<食梦貘>（天邪鬼赤*3）&#10;",
    "chapter8": "第15章（困难）——阴界裂缝——妖怪1<天邪鬼绿>（天邪鬼赤*2）——妖怪3<天邪鬼绿>（天邪鬼赤*2）——妖怪5<天邪鬼绿>（天邪鬼赤*2）&#10;",
    "chapter9": null,
    "chapter10": null,
    "clue": "红鬼、拍屁股",
    "yuhun1": "御魂1，第三层，（天邪鬼赤*2）",
    "yuhun2": null,
    "yuhun3": null,
    "yuhun4": null,
    "yqfy1": "跳跳哥哥——第二层（天邪鬼赤*1）",
    "yqfy2": "椒图——第二层（天邪鬼赤*1）",
    "yqfy3": "骨女——第二层（天邪鬼赤*1）",
    "yqfy4": "海坊主——第二层（天邪鬼赤*2）",
    "yqfy5": "鬼使黑——第一层（天邪鬼赤*1）",
    "gwfy1": "所有鬼王封印第一层（天邪鬼赤*1）",
    "gwfy3": null,
    "gwfy4": null,
    "gwfy5": null,
    "gwfy6": null,
    "advice": "第14章（困难）——梦境的邂逅",
    "quantity": 3,
    "sushi": "（消耗体力*3）"
  },
  {
    "ID": 6,
    "name": "鬼使白",
    "othername": "小白",
    "chapter1": "第16章（困难）——冥界审判——BOSS(判官)（鬼使白*1）",
    "chapter2": null,
    "chapter3": null,
    "chapter4": null,
    "chapter5": null,
    "chapter6": null,
    "chapter7": null,
    "chapter8": null,
    "chapter9": null,
    "chapter10": null,
    "clue": "冥界、白、夺命",
    "yuhun1": "御魂4，第二层，（鬼使白*1）",
    "yuhun2": null,
    "yuhun3": null,
    "yuhun4": null,
    "yqfy1": null,
    "yqfy2": null,
    "yqfy3": null,
    "yqfy4": null,
    "yqfy5": null,
    "gwfy1": "青行灯——第三层（鬼使白*1）",
    "gwfy2": null,
    "gwfy3": null,
    "gwfy4": null,
    "gwfy5": null,
    "gwfy6": null,
    "advice": "御魂4",
    "quantity": 1,
    "sushi": "（消耗体力*4）"
  },
  {
    "ID": 7,
    "name": "丑时之女",
    "othername": "丑女，草人，稻草人",
    "chapter1": "第10章（困难）——鬼为谁买醉——妖怪1<丑时之女>（丑时之女*1）——妖怪2<丑时之女>（丑时之女*1）&#10;",
    "chapter2": null,
    "chapter3": null,
    "chapter4": null,
    "chapter5": null,
    "chapter6": null,
    "chapter7": null,
    "chapter8": null,
    "chapter9": null,
    "chapter10": null,
    "clue": "稻草人、咒锥",
    "yuhun1": "御魂5，第一层，（丑时之女*1）",
    "yuhun2": "御魂7，第一层，（丑时之女*1）",
    "yuhun3": null,
    "yuhun4": null,
    "yqfy1": null,
    "yqfy2": null,
    "yqfy3": null,
    "yqfy4": null,
    "yqfy5": null,
    "gwfy1": "丑时之女——第三层(丑时之女*3)",
    "gwfy2": null,
    "gwfy3": null,
    "gwfy4": null,
    "gwfy5": null,
    "gwfy6": null,
    "advice": "第10章（困难）——鬼为谁买醉",
    "quantity": 1,
    "sushi": "（消耗体力*3）"
  },
  {
    "ID": 8,
    "name": "兵俑",
    "othername": "兵勇，兵佣，鬼将，秦始皇",
    "chapter1": "第3章（困难）——凤凰林的占卜师——妖怪3<兵俑>（兵俑*1）——妖怪4<兵俑>（兵俑*1）",
    "chapter2": "第10章（困难）——鬼为谁买醉——BOSS(酒吞童子)（兵俑*1）&#10;",
    "chapter3": null,
    "chapter4": null,
    "chapter5": null,
    "chapter6": null,
    "chapter7": null,
    "chapter8": null,
    "chapter9": null,
    "chapter10": null,
    "clue": "剑、坚甲、石化",
    "yuhun1": "御魂2，第二层，（兵俑*1）",
    "yuhun2": null,
    "yuhun3": null,
    "yuhun4": null,
    "yqfy1": null,
    "yqfy2": null,
    "yqfy3": null,
    "yqfy4": null,
    "yqfy5": null,
    "gwfy1": "兵俑——第三层（兵俑*3）",
    "gwfy2": "凤凰火——第三层（兵俑*3）",
    "gwfy3": null,
    "gwfy4": null,
    "gwfy5": null,
    "gwfy6": null,
    "advice": "第3章（困难）——凤凰林的占卜师",
    "quantity": 1,
    "sushi": "（消耗体力*3）"
  },
  {
    "ID": 9,
    "name": "童男",
    "chapter1": "第12章（困难）——另一个晴明——妖怪4<童男>（童男*1）——妖怪5<童男>（童男*1）&#10;",
    "chapter2": null,
    "chapter3": null,
    "chapter4": null,
    "chapter5": null,
    "chapter6": null,
    "chapter7": null,
    "chapter8": null,
    "chapter9": null,
    "chapter10": null,
    "clue": "翅膀、雨衣、献祭",
    "yuhun1": "御魂4，第一层，（童男*1）",
    "yuhun2": null,
    "yuhun3": null,
    "yuhun4": null,
    "yqfy1": null,
    "yqfy2": null,
    "yqfy3": null,
    "yqfy4": null,
    "yqfy5": null,
    "gwfy1": "童女——第三层（童男*2）",
    "gwfy2": null,
    "gwfy3": null,
    "gwfy4": null,
    "gwfy5": null,
    "gwfy6": null,
    "advice": "第12章（困难）——另一个晴明",
    "quantity": 1,
    "sushi": "（消耗体力*3）"
  },
  {
    "ID": 10,
    "name": "大天狗",
    "othername": "大狗子",
    "chapter1": "第15章（困难）——阴界裂缝——妖怪6<提灯小僧>（大天狗*1）&#10;",
    "chapter2": "第18章（困难）——阴阳之理——妖怪2<三尾狐>（大天狗*1）——BOSS<大天狗>（大天狗*1）",
    "chapter3": null,
    "chapter4": null,
    "chapter5": null,
    "chapter6": null,
    "chapter7": null,
    "chapter8": null,
    "chapter9": null,
    "chapter10": null,
    "clue": "大翅膀、风、扇、羽毛、笛子",
    "yuhun1": "御魂4，第二层，（大天狗*1）",
    "yuhun2": "御魂10，第三层，（大天狗*2）",
    "yuhun3": null,
    "yuhun4": null,
    "yqfy1": null,
    "yqfy2": null,
    "yqfy3": null,
    "yqfy4": null,
    "yqfy5": null,
    "gwfy1": "三尾狐——第三层（三尾狐*6）",
    "gwfy2": null,
    "gwfy3": null,
    "gwfy4": null,
    "gwfy5": null,
    "gwfy6": null,
    "advice": "第15章（困难）——阴界裂缝",
    "quantity": 1,
    "sushi": "（消耗体力*3）"
  },
  {
    "ID": 11,
    "name": "阎魔",
    "othername": "女王",
    "chapter1": null,
    "chapter2": null,
    "chapter3": null,
    "chapter4": null,
    "chapter5": null,
    "chapter6": null,
    "chapter7": null,
    "chapter8": null,
    "chapter9": null,
    "chapter10": null,
    "clue": "云、鬼面、冥界",
    "yuhun1": "御魂6，第二层，（阎魔*1）",
    "yuhun2": null,
    "yuhun3": null,
    "yuhun4": null,
    "yqfy1": null,
    "yqfy2": null,
    "yqfy3": null,
    "yqfy4": null,
    "yqfy5": null,
    "gwfy1": "判官——第三层（阎魔*2）",
    "gwfy2": "阎魔——第三层（阎魔*3）",
    "gwfy3": null,
    "gwfy4": null,
    "gwfy5": null,
    "gwfy6": null,
    "advice": "御魂6",
    "quantity": 1,
    "sushi": "（消耗体力*4）"
  },
  {
    "ID": 12,
    "name": "椒图",
    "othername": "扇贝",
    "chapter1": null,
    "chapter2": null,
    "chapter3": null,
    "chapter4": null,
    "chapter5": null,
    "chapter6": null,
    "chapter7": null,
    "chapter8": null,
    "chapter9": null,
    "chapter10": null,
    "clue": "贝壳、扇子、尾巴",
    "yuhun1": "御魂3，第二层，（椒图*1）",
    "yuhun2": "御魂8，第二层，（椒图*1）",
    "yuhun3": "御魂9，第一层，（椒图*1）",
    "yuhun4": "御魂10，第二层，（椒图*1）",
    "yqfy1": "椒图——第三层（椒图*3）",
    "yqfy2": null,
    "yqfy3": null,
    "yqfy4": null,
    "yqfy5": null,
    "gwfy1": null,
    "gwfy2": null,
    "gwfy3": null,
    "gwfy4": null,
    "gwfy5": null,
    "gwfy6": null,
    "advice": "妖气封印——椒图",
    "quantity": 3,
    "sushi": "（消耗体力*3）"
  },
  {
    "ID": 13,
    "name": "犬神",
    "othername": "单身狗",
    "chapter1": "第10章（困难）——鬼为谁买醉——妖怪5<觉>（犬神*1）——妖怪6<傀儡师>（犬神*1）&#10;",
    "chapter2": null,
    "chapter3": null,
    "chapter4": null,
    "chapter5": null,
    "chapter6": null,
    "chapter7": null,
    "chapter8": null,
    "chapter9": null,
    "chapter10": null,
    "clue": "剑雀、屋、守护",
    "yuhun1": "御魂4，第一层，（犬神*1）",
    "yuhun2": null,
    "yuhun3": null,
    "yuhun4": null,
    "yqfy1": null,
    "yqfy2": null,
    "yqfy3": null,
    "yqfy4": null,
    "yqfy5": null,
    "gwfy1": "犬神——第三层（犬神*3）",
    "gwfy2": null,
    "gwfy3": null,
    "gwfy4": null,
    "gwfy5": null,
    "gwfy6": null,
    "advice": "第10章（困难）——鬼为谁买醉",
    "quantity": 1,
    "sushi": "（消耗体力*3）"
  },
  {
    "ID": 14,
    "name": "孟婆",
    "othername": "牙牙",
    "chapter1": "第9章（困难）——兔蛙茶和锅——BOSS<孟婆>（孟婆*2）&#10;",
    "chapter2": null,
    "chapter3": null,
    "chapter4": null,
    "chapter5": null,
    "chapter6": null,
    "chapter7": null,
    "chapter8": null,
    "chapter9": null,
    "chapter10": null,
    "clue": "汤碗、琴、牙牙",
    "yuhun1": "御魂5，第三层，（孟婆*2）",
    "yuhun2": "御魂6，第一层，（孟婆*1）",
    "yuhun3": null,
    "yuhun4": null,
    "yqfy1": null,
    "yqfy2": null,
    "yqfy3": null,
    "yqfy4": null,
    "yqfy5": null,
    "gwfy1": "孟婆——第三层（孟婆*2）",
    "gwfy2": null,
    "gwfy3": null,
    "gwfy4": null,
    "gwfy5": null,
    "gwfy6": null,
    "advice": "御魂5",
    "quantity": 2,
    "sushi": "（消耗体力*4）"
  },
  {
    "ID": 15,
    "name": "蝴蝶精",
    "othername": "小蝴蝶",
    "chapter1": "第6章（困难）——似梦非梦——妖怪5<蝴蝶精>（蝴蝶精*1）——妖怪6<蝴蝶精>（蝴蝶精*1）&#10;",
    "chapter2": "第8章（困难）——樱与桃——BOSS<桃花妖>（蝴蝶精*2）&#10;",
    "chapter3": null,
    "chapter4": null,
    "chapter5": null,
    "chapter6": null,
    "chapter7": null,
    "chapter8": null,
    "chapter9": null,
    "chapter10": null,
    "clue": "手鼓、小妖精、可爱",
    "yuhun1": "御魂3，第一层，（蝴蝶精*1）",
    "yuhun2": "御魂8，第二层，（蝴蝶精*1）",
    "yuhun3": null,
    "yuhun4": null,
    "yqfy1": null,
    "yqfy2": null,
    "yqfy3": null,
    "yqfy4": null,
    "yqfy5": null,
    "gwfy1": "蝴蝶精——第三层（蝴蝶精*3）",
    "gwfy2": null,
    "gwfy3": null,
    "gwfy4": null,
    "gwfy5": null,
    "gwfy6": null,
    "advice": "第6章（困难）——似梦非梦",
    "quantity": 1,
    "sushi": "（消耗体力*3）"
  },
  {
    "ID": 16,
    "name": "青蛙瓷器",
    "othername": null,
    "chapter1": "第4章（困难）——桥上的雨女——BOSS<雨女>（青蛙瓷器*1）&#10;",
    "chapter2": null,
    "chapter3": null,
    "chapter4": null,
    "chapter5": null,
    "chapter6": null,
    "chapter7": null,
    "chapter8": null,
    "chapter9": null,
    "chapter10": null,
    "clue": "二筒、瓷、出千",
    "yuhun1": "御魂3，第一层，（青蛙瓷器*1）",
    "yuhun2": null,
    "yuhun3": null,
    "yuhun4": null,
    "yqfy1": null,
    "yqfy2": null,
    "yqfy3": null,
    "yqfy4": null,
    "yqfy5": null,
    "gwfy1": null,
    "gwfy2": null,
    "gwfy3": null,
    "gwfy4": null,
    "gwfy5": null,
    "gwfy6": null,
    "advice": "御魂3",
    "quantity": 1,
    "sushi": "（消耗体力*4）"
  },
  {
    "ID": 17,
    "name": "鸦天狗",
    "othername": "小狗子",
    "chapter1": "第3章（困难）——凤凰林的占卜师——妖怪2<赤舌>（鸦天狗*1）——妖怪5<赤舌>（鸦天狗*1）",
    "chapter2": "第9章（困难）——兔蛙茶和锅——妖怪4<山兔>（鸦天狗*1）——妖怪5<山兔>（鸦天狗*1）——BOSS<孟婆>（鸦天狗*2）",
    "chapter3": "第12章（困难）——另一个晴明——妖怪2<海坊主>（鸦天狗*2）——妖怪4<童男>（鸦天狗*2）——妖怪5<童男>（鸦天狗*2）&#10;",
    "chapter4": "第17章（困难）——阴阳逆反——妖怪1<鸦天狗>（鸦天狗*1）——妖怪4<鸦天狗>（鸦天狗*1）——妖怪5<鸦天狗>（鸦天狗*1）&#10;",
    "chapter5": "第18章（困难）——阴阳之理——BOSS<大天狗>（鸦天狗*3）&#10;",
    "chapter6": null,
    "chapter7": null,
    "chapter8": null,
    "chapter9": null,
    "chapter10": null,
    "clue": "雉刀、翅膀、面具",
    "yuhun1": "御魂6，第二层，（鸦天狗*1）",
    "yuhun2": null,
    "yuhun3": null,
    "yuhun4": null,
    "yqfy1": null,
    "yqfy2": null,
    "yqfy3": null,
    "yqfy4": null,
    "yqfy5": null,
    "gwfy1": "鸦天狗——第三层(鸦天狗*3)",
    "gwfy2": null,
    "gwfy3": null,
    "gwfy4": null,
    "gwfy5": null,
    "gwfy6": null,
    "advice": "第12章（困难）——另一个晴明",
    "quantity": 2,
    "sushi": "（消耗体力*3）"
  },
  {
    "ID": 18,
    "name": "三尾狐",
    "othername": "三尾",
    "chapter1": "第6章（困难）——似梦非梦——妖怪5<蝴蝶精>（三尾狐*1）——妖怪6<蝴蝶精>（三尾狐*1）&#10;",
    "chapter2": "第18章（困难）——阴阳之理——妖怪2<三尾狐>（三尾狐*2）——妖怪3<三尾狐>（三尾狐*2）——妖怪5<三尾狐>（三尾狐*2）&#10;",
    "chapter3": null,
    "chapter4": null,
    "chapter5": null,
    "chapter6": null,
    "chapter7": null,
    "chapter8": null,
    "chapter9": null,
    "chapter10": null,
    "clue": "杖妖艳、红尾、樱花树、红色",
    "yuhun1": "御魂1，第一层，（三尾狐*1）",
    "yuhun2": null,
    "yuhun3": null,
    "yuhun4": null,
    "yqfy1": null,
    "yqfy2": null,
    "yqfy3": null,
    "yqfy4": null,
    "yqfy5": null,
    "gwfy1": "三尾狐——第三层（三尾狐*6）",
    "gwfy2": null,
    "gwfy3": null,
    "gwfy4": null,
    "gwfy5": null,
    "gwfy6": null,
    "advice": "第18章（普通）——阴阳之理",
    "quantity": 2,
    "sushi": "（消耗体力*3）"
  },
  {
    "ID": 19,
    "name": "萤草",
    "othername": "草爹，小草",
    "chapter1": null,
    "chapter2": null,
    "chapter3": null,
    "chapter4": null,
    "chapter5": null,
    "chapter6": null,
    "chapter7": null,
    "chapter8": null,
    "chapter9": null,
    "chapter10": null,
    "clue": "蒲公英、治疗",
    "yuhun1": "御魂2，第二层，（莹草*1）",
    "yuhun2": "御魂9，第一层，（莹草*1）",
    "yuhun3": "御魂10，第一层，（莹草*1）",
    "yuhun4": null,
    "yqfy1": null,
    "yqfy2": null,
    "yqfy3": null,
    "yqfy4": null,
    "yqfy5": null,
    "gwfy1": "莹草——第三层（莹草*3）",
    "gwfy2": null,
    "gwfy3": null,
    "gwfy4": null,
    "gwfy5": null,
    "gwfy6": null,
    "advice": "御魂2",
    "quantity": 1,
    "sushi": "（消耗体力*4）"
  },
  {
    "ID": 20,
    "name": "河童",
    "othername": "备胎",
    "chapter1": "第7章（困难）——恋上鲤的美——妖怪3<河童>（河童*1）——妖怪7<河童>（河童*1）&#10;",
    "chapter2": null,
    "chapter3": null,
    "chapter4": null,
    "chapter5": null,
    "chapter6": null,
    "chapter7": null,
    "chapter8": null,
    "chapter9": null,
    "chapter10": null,
    "clue": "水球、河流、荷叶",
    "yuhun1": "御魂2，第一层，（河童*1）",
    "yuhun2": null,
    "yuhun3": null,
    "yuhun4": null,
    "yqfy1": null,
    "yqfy2": null,
    "yqfy3": null,
    "yqfy4": null,
    "yqfy5": null,
    "gwfy1": "河童——第三层（河童*2）",
    "gwfy2": "鲤鱼精——第三层（河童*3）",
    "gwfy3": null,
    "gwfy4": null,
    "gwfy5": null,
    "gwfy6": null,
    "advice": "第7章（困难）——恋上鲤的美",
    "quantity": 1,
    "sushi": "（消耗体力*3）"
  },
  {
    "ID": 21,
    "name": "涂壁",
    "othername": "石头",
    "chapter1": "第3章（困难）——凤凰林的占卜师——妖怪1<天邪鬼黄>（涂壁*2）",
    "chapter2": "第4章（困难）——桥上的雨女——妖怪1<帚神>（走）（涂壁*2）——妖怪2<帚神>(坐)（涂壁*2）——妖怪4<唐纸伞妖>（走）（涂壁*3）——妖怪5<天邪鬼赤>（涂壁*3）&#10;",
    "chapter3": "第5章（困难）——黑夜山的食发鬼——妖怪1<涂壁>（涂壁*2）——妖怪2<涂壁>（涂壁*1）——妖怪3<帚神>（走）（涂壁*2）",
    "chapter4": "第6章（困难）——似梦非梦——妖怪5<蝴蝶精>（涂壁*1）——妖怪6<蝴蝶精>（涂壁*1）",
    "chapter5": "第7章（困难）——恋上鲤的美——妖怪3<河童>（涂壁*2）——BOSS<妖狐>（涂壁*1）",
    "chapter6": "第8章（困难）——樱与桃——妖怪2<樱花妖>（涂壁*2）——妖怪6<樱花妖>（涂壁*3）",
    "chapter7": "第11章（困难）——染红了的枫叶林——妖怪3<独眼小僧>(左)（涂壁*1）——妖怪5<饿鬼>(上)（涂壁*1）",
    "chapter8": "第12章（困难）——另一个晴明——妖怪1<海坊主>（涂壁*2）——妖怪2<海坊主>（涂壁*1）",
    "chapter9": "第14章（困难）——梦境的邂逅——妖怪2<涂壁>（涂壁*6）——妖怪3<涂壁>（涂壁*6）——妖怪6<涂壁>(最右)（涂壁*6）",
    "chapter10": null,
    "clue": "石、青苔",
    "yuhun1": "御魂1，第二层，（涂壁*1）",
    "yuhun2": null,
    "yuhun3": null,
    "yuhun4": null,
    "yqfy1": "饿鬼——第一层（涂壁*1）",
    "yqfy2": "鬼使黑——第一层（涂壁*3）——第二层（涂壁*1）",
    "yqfy3": null,
    "yqfy4": null,
    "yqfy5": null,
    "gwfy1": "所有鬼王封印——第一层（涂壁*3）——第二层(涂壁*1)",
    "gwfy2": "河童——第三层（涂壁*1）",
    "gwfy3": "座敷童子——第三层（涂壁*2）",
    "gwfy4": null,
    "gwfy5": null,
    "gwfy6": null,
    "advice": "第14章（困难）——梦境的邂逅",
    "quantity": 6,
    "sushi": "（消耗体力*3）"
  },
  {
    "ID": 22,
    "name": "天邪鬼青",
    "othername": "风筝",
    "chapter1": "第2章（困难）——幸福的彼岸——BOSS<座敷童子>（天邪鬼青*1）",
    "chapter2": "第5章（困难）——黑夜山的食发鬼——BOSS<食发鬼>（天邪鬼青*2）",
    "chapter3": "第6章（困难）——似梦非梦——妖怪3<天邪鬼青>(站)（天邪鬼青*1）——妖怪4<天邪鬼青>(动)（天邪鬼青*1）",
    "chapter4": "第8章（困难）——樱与桃——妖怪1<天邪鬼绿>（天邪鬼青*1）——妖怪4<天邪鬼绿>（天邪鬼青*1）——BOSS<桃花妖>（天邪鬼青*1）",
    "chapter5": "第10章（困难）——鬼为谁买醉——妖怪1<丑时之女>（天邪鬼青*2）——妖怪2<丑时之女>（天邪鬼青*2）",
    "chapter6": "第11章（困难）——染红了的枫叶林——BOSS<鬼女红叶>（天邪鬼青*2）",
    "chapter7": null,
    "chapter8": null,
    "chapter9": null,
    "chapter10": null,
    "clue": "青皮肤、风筝",
    "yuhun1": "御魂1，第一层，（天邪鬼青*1）",
    "yuhun2": null,
    "yuhun3": null,
    "yuhun4": null,
    "yqfy1": "二口女——第一层（天邪鬼青*3）",
    "yqfy2": "海坊主——第二层（天邪鬼青*1）",
    "yqfy3": "跳跳哥哥——第二层(天邪鬼青*1)——第三层（天邪鬼青*2）",
    "yqfy4": null,
    "yqfy5": null,
    "gwfy1": null,
    "gwfy2": null,
    "gwfy3": null,
    "gwfy4": null,
    "gwfy5": null,
    "gwfy6": null,
    "advice": "妖气封印——二口女/         跳跳哥哥",
    "quantity": 3,
    "sushi": "（消耗体力*3）"
  },
  {
    "ID": 23,
    "name": "食梦貘",
    "othername": "睡猪",
    "chapter1": "第14章（困难）——梦境的邂逅——妖怪6<涂壁>（最右）（食梦貘*1）——BOSS<食梦貘>（食梦貘*5）&#10;",
    "chapter2": null,
    "chapter3": null,
    "chapter4": null,
    "chapter5": null,
    "chapter6": null,
    "chapter7": null,
    "chapter8": null,
    "chapter9": null,
    "chapter10": null,
    "clue": "铃铛、噩梦",
    "yuhun1": "御魂4，第三层，（食梦貘*2）",
    "yuhun2": "御魂9，第二层，（食梦貘*1）",
    "yuhun3": null,
    "yuhun4": null,
    "yqfy1": null,
    "yqfy2": null,
    "yqfy3": null,
    "yqfy4": null,
    "yqfy5": null,
    "gwfy1": "食梦貘——第三层（食梦貘*6）",
    "gwfy2": null,
    "gwfy3": null,
    "gwfy4": null,
    "gwfy5": null,
    "gwfy6": null,
    "advice": "御魂4",
    "quantity": 2,
    "sushi": "（消耗体力*4）"
  },
  {
    "ID": 24,
    "name": "镰鼬",
    "othername": "老鼠",
    "chapter1": null,
    "chapter2": null,
    "chapter3": null,
    "chapter4": null,
    "chapter5": null,
    "chapter6": null,
    "chapter7": null,
    "chapter8": null,
    "chapter9": null,
    "chapter10": null,
    "clue": "锤子、钉耙、剑",
    "yuhun1": "御魂5，第一层，（镰鼬*1）",
    "yuhun2": null,
    "yuhun3": null,
    "yuhun4": null,
    "yqfy1": null,
    "yqfy2": null,
    "yqfy3": null,
    "yqfy4": null,
    "yqfy5": null,
    "gwfy1": "镰鼬——第三层（镰鼬*3）",
    "gwfy2": null,
    "gwfy3": null,
    "gwfy4": null,
    "gwfy5": null,
    "gwfy6": null,
    "advice": "御魂5",
    "quantity": 1,
    "sushi": "（消耗体力*4）"
  },
  {
    "ID": 25,
    "name": "傀儡师",
    "othername": "傀儡",
    "chapter1": "第10章（困难）——鬼为谁买醉——妖怪1<丑时之女>（傀儡师*1）——妖怪2<丑时之女>（傀儡师*1）——妖怪4<傀儡师>（傀儡师*1）——妖怪6<傀儡师>（傀儡师*1）&#10;",
    "chapter2": null,
    "chapter3": null,
    "chapter4": null,
    "chapter5": null,
    "chapter6": null,
    "chapter7": null,
    "chapter8": null,
    "chapter9": null,
    "chapter10": null,
    "clue": "人偶、操纵",
    "yuhun1": "御魂5，第二层，（傀儡师*1）",
    "yuhun2": null,
    "yuhun3": null,
    "yuhun4": null,
    "yqfy1": null,
    "yqfy2": null,
    "yqfy3": null,
    "yqfy4": null,
    "yqfy5": null,
    "gwfy1": "傀儡师——第三层（傀儡师*6）",
    "gwfy2": null,
    "gwfy3": null,
    "gwfy4": null,
    "gwfy5": null,
    "gwfy6": null,
    "advice": "第10章（困难）——鬼为谁买醉",
    "quantity": 1,
    "sushi": "（消耗体力*3）"
  },
  {
    "ID": 26,
    "name": "天邪鬼黄",
    "othername": "鼓槌，鼓",
    "chapter1": "第3章（困难）——凤凰林的占卜师——妖怪1<天邪鬼黄>（天邪鬼黄*1）——妖怪3（天邪鬼黄*1）——妖怪5<赤舌>(天邪鬼黄*1)——妖怪6<天邪鬼黄>（天邪鬼黄*1）&#10;",
    "chapter2": "第5章（困难）——黑夜山的食发鬼——妖怪4<帚神>（睡）（天邪鬼黄*2）——妖怪5<管狐>（天邪鬼黄*2）&#10;",
    "chapter3": "第8章（困难）——樱与桃——妖怪1<天邪鬼绿>（天邪鬼黄*2）——妖怪4<天邪鬼绿>（天邪鬼黄*2）",
    "chapter4": "第12章（困难）——另一个晴明——妖怪4<童男>（天邪鬼黄*1）&#10;",
    "chapter5": null,
    "chapter6": null,
    "chapter7": null,
    "chapter8": null,
    "chapter9": null,
    "chapter10": null,
    "clue": "鼓、单眼",
    "yuhun1": "御魂1，第一层，（天邪鬼黄*1）",
    "yuhun2": null,
    "yuhun3": null,
    "yuhun4": null,
    "yqfy1": "跳跳哥哥——第三层（天邪鬼黄*1）",
    "yqfy2": "椒图——第一层（天邪鬼黄*1）——第三层（天邪鬼黄*1）",
    "yqfy3": "海坊主——第一层（天邪鬼黄*3）",
    "yqfy4": null,
    "yqfy5": null,
    "gwfy1": null,
    "gwfy2": null,
    "gwfy3": null,
    "gwfy4": null,
    "gwfy5": null,
    "gwfy6": null,
    "advice": "妖气封印——海坊主",
    "quantity": 3,
    "sushi": "（消耗体力*3）"
  },
  {
    "ID": 27,
    "name": "妖狐",
    "othername": "脸狐",
    "chapter1": "第7章（困难）——恋上鲤的美——BOSS<妖狐>（妖狐*2）",
    "chapter2": null,
    "chapter3": null,
    "chapter4": null,
    "chapter5": null,
    "chapter6": null,
    "chapter7": null,
    "chapter8": null,
    "chapter9": null,
    "chapter10": null,
    "clue": "纸扇、书生、面具",
    "yuhun1": "御魂2，第一层，（妖狐*1）",
    "yuhun2": null,
    "yuhun3": null,
    "yuhun4": null,
    "yqfy1": null,
    "yqfy2": null,
    "yqfy3": null,
    "yqfy4": null,
    "yqfy5": null,
    "gwfy1": "妖狐——第三层（妖狐*6）",
    "gwfy2": null,
    "gwfy3": null,
    "gwfy4": null,
    "gwfy5": null,
    "gwfy6": null,
    "advice": "御魂2",
    "quantity": 1,
    "sushi": "（消耗体力*4）"
  },
  {
    "ID": 28,
    "name": "海坊主",
    "chapter1": "第12章（困难）——另一个晴明——妖怪1<海坊主>（海坊主*1）——妖怪2<海坊主>（海坊主*1）&#10;",
    "chapter2": null,
    "chapter3": null,
    "chapter4": null,
    "chapter5": null,
    "chapter6": null,
    "chapter7": null,
    "chapter8": null,
    "chapter9": null,
    "chapter10": null,
    "clue": "渔夫、海、胡须、杖",
    "yuhun1": "御魂3，第二层，（海坊主*1）",
    "yuhun2": null,
    "yuhun3": null,
    "yuhun4": null,
    "yqfy1": "海坊主——第三层（海坊主*3）",
    "yqfy2": null,
    "yqfy3": null,
    "yqfy4": null,
    "yqfy5": null,
    "gwfy1": null,
    "gwfy2": null,
    "gwfy3": null,
    "gwfy4": null,
    "gwfy5": null,
    "gwfy6": null,
    "advice": "妖气封印——海坊主",
    "quantity": 3,
    "sushi": "（消耗体力*3）"
  },
  {
    "ID": 29,
    "name": "童女",
    "chapter1": "第3章（困难）——凤凰林的占卜师——妖怪3<兵俑>（童女*1）——妖怪5<赤舌>（童女*2）——妖怪6<天邪鬼黄>（童女*3）",
    "chapter2": "第11章（困难）——染红了的枫叶林——BOSS（鬼女红叶）（童女*1）",
    "chapter3": "第12章（困难）——另一个晴明——妖怪3<童女>（童女*1）——妖怪5<童男>（童女*1）——妖怪6<童女>（童女*1）&#10;",
    "chapter4": null,
    "chapter5": null,
    "chapter6": null,
    "chapter7": null,
    "chapter8": null,
    "chapter9": null,
    "chapter10": null,
    "clue": "翅膀、羽衣、幼女",
    "yuhun1": "御魂2，第三层，（童女*2）",
    "yuhun2": "御魂4，第一层，（童女*1）",
    "yuhun3": null,
    "yuhun4": null,
    "yqfy1": null,
    "yqfy2": null,
    "yqfy3": null,
    "yqfy4": null,
    "yqfy5": null,
    "gwfy1": "童男——第三层（童女*2）",
    "gwfy2": "童女——第三层（童女*1）",
    "gwfy3": null,
    "gwfy4": null,
    "gwfy5": null,
    "gwfy6": null,
    "advice": "第3章（困难）——凤凰林的占卜师",
    "quantity": 3,
    "sushi": "（消耗体力*3）"
  },
  {
    "ID": 30,
    "name": "桃花妖",
    "othername": "桃花",
    "chapter1": "第8章（困难）——BOSS<桃花妖>（桃花妖*1）&#10;",
    "chapter2": null,
    "chapter3": null,
    "chapter4": null,
    "chapter5": null,
    "chapter6": null,
    "chapter7": null,
    "chapter8": null,
    "chapter9": null,
    "chapter10": null,
    "clue": "花、舞",
    "yuhun1": "御魂3，第一层，（桃花妖*1）",
    "yuhun2": null,
    "yuhun3": null,
    "yuhun4": null,
    "yqfy1": null,
    "yqfy2": null,
    "yqfy3": null,
    "yqfy4": null,
    "yqfy5": null,
    "gwfy1": "桃花妖——第三层（桃花妖*3）",
    "gwfy2": null,
    "gwfy3": null,
    "gwfy4": null,
    "gwfy5": null,
    "gwfy6": null,
    "advice": "御魂3",
    "quantity": 1,
    "sushi": "（消耗体力*4）"
  },
  {
    "ID": 31,
    "name": "座敷童子",
    "othername": "打火机",
    "chapter1": "第2章（困难）——幸福的彼岸——BOSS<座敷童子>（座敷童子*1）",
    "chapter2": "第7章（困难）——恋上鲤的美——BOSS<妖狐>（座敷童子*2）",
    "chapter3": "第10章（困难）——鬼为谁买醉——妖怪5<觉>（座敷童子*2）——妖怪6<傀儡师>（座敷童子*2）",
    "chapter4": null,
    "chapter5": null,
    "chapter6": null,
    "chapter7": null,
    "chapter8": null,
    "chapter9": null,
    "chapter10": null,
    "clue": "鬼火、角 财富、幸运",
    "yuhun1": "御魂3，第三层，（座敷童子*2）",
    "yuhun2": "御魂6，第一层，（座敷童子*1）",
    "yuhun3": null,
    "yuhun4": null,
    "yqfy1": null,
    "yqfy2": null,
    "yqfy3": null,
    "yqfy4": null,
    "yqfy5": null,
    "gwfy1": "座敷童子——第三层（座敷童子*3）",
    "gwfy2": "姑获鸟——第三层（座敷童子*3）",
    "gwfy3": null,
    "gwfy4": null,
    "gwfy5": null,
    "gwfy6": null,
    "advice": "第10章（困难）——鬼为谁买醉",
    "quantity": 4,
    "sushi": "（消耗体力*6）"
  },
  {
    "ID": 32,
    "name": "独眼小僧",
    "chapter1": "第11章（困难）——染红了的枫叶林妖——妖怪2<武士之灵>（独眼小僧*3）——妖怪3<独眼小僧>（左）（独眼小僧*2）——妖怪4<独眼小僧>(下)（独眼小僧*2）",
    "chapter2": null,
    "chapter3": null,
    "chapter4": null,
    "chapter5": null,
    "chapter6": null,
    "chapter7": null,
    "chapter8": null,
    "chapter9": null,
    "chapter10": null,
    "clue": "单眼、石菩萨、金刚经",
    "yuhun1": "御魂1，第二层，（独眼小僧*1）",
    "yuhun2": "御魂5，第二层，（独眼小僧*1）",
    "yuhun3": null,
    "yuhun4": null,
    "yqfy1": null,
    "yqfy2": null,
    "yqfy3": null,
    "yqfy4": null,
    "yqfy5": null,
    "gwfy1": null,
    "gwfy2": null,
    "gwfy3": null,
    "gwfy4": null,
    "gwfy5": null,
    "gwfy6": null,
    "advice": "第11章（困难）——染红了的枫叶林妖",
    "quantity": 3,
    "sushi": "（消耗体力*3）"
  },
  {
    "ID": 33,
    "name": "鬼使黑",
    "othername": "小黑",
    "chapter1": "第16章（困难）——冥界审判——BOSS<判官>（鬼使黑*1）",
    "chapter2": null,
    "chapter3": null,
    "chapter4": null,
    "chapter5": null,
    "chapter6": null,
    "chapter7": null,
    "chapter8": null,
    "chapter9": null,
    "chapter10": null,
    "clue": "黑镰、短刀",
    "yuhun1": "御魂4，第二层，（鬼使黑*1）",
    "yuhun2": null,
    "yuhun3": null,
    "yuhun4": null,
    "yqfy1": "鬼使黑——第三层（鬼使黑*3）",
    "yqfy2": null,
    "yqfy3": null,
    "yqfy4": null,
    "yqfy5": null,
    "gwfy1": "青行灯——第三层（鬼使黑*1）",
    "gwfy2": null,
    "gwfy3": null,
    "gwfy4": null,
    "gwfy5": null,
    "gwfy6": null,
    "advice": "妖气封印——鬼使黑",
    "quantity": 3,
    "sushi": "（消耗体力*3）"
  },
  {
    "ID": 34,
    "name": "山童",
    "chapter1": "第8章（困难）——樱与桃——妖怪5<唐纸伞妖>（山童*1）",
    "chapter2": "第16章（困难）——冥界审判——妖怪1<饿鬼>（山童*2）——妖怪4<饿鬼>（山童*2）——妖怪5<饿鬼>（山童*2）",
    "chapter3": null,
    "chapter4": null,
    "chapter5": null,
    "chapter6": null,
    "chapter7": null,
    "chapter8": null,
    "chapter9": null,
    "chapter10": null,
    "clue": "单眼、石锤、怪力",
    "yuhun1": "御魂1，第二层，（山童*1）",
    "yuhun2": null,
    "yuhun3": null,
    "yuhun4": null,
    "yqfy1": null,
    "yqfy2": null,
    "yqfy3": null,
    "yqfy4": null,
    "yqfy5": null,
    "gwfy1": null,
    "gwfy2": null,
    "gwfy3": null,
    "gwfy4": null,
    "gwfy5": null,
    "gwfy6": null,
    "advice": "第16章（困难）——冥界审判",
    "quantity": 2,
    "sushi": "（消耗体力*3）"
  },
  {
    "ID": 35,
    "name": "黑豹",
    "othername": "豹子",
    "chapter1": "第5章（普通）——黑夜山的食发鬼——妖怪1（黑豹*1）",
    "chapter2": null,
    "chapter3": null,
    "chapter4": null,
    "chapter5": null,
    "chapter6": null,
    "chapter7": null,
    "chapter8": null,
    "chapter9": null,
    "chapter10": null,
    "clue": null,
    "yuhun1": null,
    "yuhun2": null,
    "yuhun3": null,
    "yuhun4": null,
    "yqfy1": null,
    "yqfy2": null,
    "yqfy3": null,
    "yqfy4": null,
    "yqfy5": null,
    "gwfy1": null,
    "gwfy2": null,
    "gwfy3": null,
    "gwfy4": null,
    "gwfy5": null,
    "gwfy6": null,
    "advice": "第5章（普通）——黑夜山的食发鬼",
    "quantity": 1,
    "sushi": "（消耗体力*3）"
  },
  {
    "ID": 36,
    "name": "跳跳犬",
    "chapter1": "第1章（困难）——雀食奇谈（困难）——妖怪1<天邪鬼绿>（跳跳犬*2）",
    "chapter2": "第7章（困难）——恋上鲤的美——妖怪4<提灯小僧>（左）（跳跳犬*3）——妖怪5<提灯小僧>（下）（跳跳犬*3）——妖怪6<提灯小僧>（右）——（跳跳犬*1）",
    "chapter3": null,
    "chapter4": null,
    "chapter5": null,
    "chapter6": null,
    "chapter7": null,
    "chapter8": null,
    "chapter9": null,
    "chapter10": null,
    "clue": null,
    "yuhun1": null,
    "yuhun2": null,
    "yuhun3": null,
    "yuhun4": null,
    "yqfy1": null,
    "yqfy2": null,
    "yqfy3": null,
    "yqfy4": null,
    "yqfy5": null,
    "gwfy1": null,
    "gwfy2": null,
    "gwfy3": null,
    "gwfy4": null,
    "gwfy5": null,
    "gwfy6": null,
    "advice": "第7章（困难）——恋上鲤的美",
    "quantity": 3,
    "sushi": "（消耗体力*3）"
  },
  {
    "ID": 37,
    "name": "灯笼鬼",
    "othername": "灯笼",
    "chapter1": "第1章（困难）——雀食奇谈——妖怪4<提灯小僧>（灯笼鬼*2）",
    "chapter2": "第2章（困难）——幸福的彼岸——妖怪3<盗墓小鬼>（灯笼鬼*2）——妖怪4<寄生魂>（灯笼鬼*2）",
    "chapter3": "第3章（困难）——凤凰林的占卜师——妖怪2(赤舌)（灯笼鬼*2）——妖怪4(兵俑)（灯笼鬼*2）",
    "chapter4": "第5章（困难）——黑夜山的食发鬼——BOSS(食发鬼)（灯笼鬼*1）",
    "chapter5": "第6章（困难）——似梦非梦——妖怪1<灯笼鬼>（灯笼鬼*1）——妖怪2<灯笼鬼>（灯笼鬼*1）",
    "chapter6": "第7章（困难）——恋上鲤的美——妖怪7<河童>（灯笼鬼*1）",
    "chapter7": "第9章（困难）——兔蛙茶和锅——妖怪1<提灯小僧>（灯笼鬼*3）——妖怪3<提灯小僧>（灯笼鬼*1）——BOSS<孟婆>（灯笼鬼*1）",
    "chapter8": "第13章（困难）——箭与弓道——BOSS<首无>（灯笼鬼*1）",
    "chapter9": "第17章（困难）——阴阳逆反——BOSS<荒川之主>（灯笼鬼*1）",
    "chapter10": null,
    "clue": null,
    "yuhun1": null,
    "yuhun2": null,
    "yuhun3": null,
    "yuhun4": null,
    "yqfy1": null,
    "yqfy2": null,
    "yqfy3": null,
    "yqfy4": null,
    "yqfy5": null,
    "gwfy1": null,
    "gwfy2": null,
    "gwfy3": null,
    "gwfy4": null,
    "gwfy5": null,
    "gwfy6": null,
    "advice": "第9章（困难）——兔蛙茶和锅",
    "quantity": 3,
    "sushi": "（消耗体力*3）"
  },
  {
    "ID": 38,
    "name": "提灯小僧",
    "othername": "灯弟",
    "chapter1": "第1章（困难）——雀食奇谈——妖怪2<天邪鬼绿>（提灯小僧*2）——妖怪3<提灯小僧>（提灯小僧*1）——妖怪4<提灯小僧>（提灯小僧*1）",
    "chapter2": "第3章（困难）——凤凰林的占卜师——妖怪2<赤舌>（提灯小僧*1）——妖怪3<兵俑>（提灯小僧*2）——妖怪<兵俑>（提灯小僧*1）",
    "chapter3": "第7章（困难）——恋上鲤的美——妖怪4<提灯小僧>（左）（提灯小僧*1）——妖怪5<提灯小僧>(下)（提灯小僧*1）——妖怪6<提灯小僧>(右)（提灯小僧*1）",
    "chapter4": "第8章（困难）——樱与桃——BOSS<桃花妖>（提灯小僧*2）",
    "chapter5": "第9章（困难）——兔蛙茶和锅——妖怪1<提灯小僧>（提灯小僧*1）——妖怪3<提灯小僧>（提灯小僧*1）",
    "chapter6": "第12章（困难）——另一个晴明——妖怪3<童女>（提灯小僧*2）",
    "chapter7": "第15章（困难）——阴界裂缝——妖怪2（提灯小僧*1）——妖怪4（提灯小僧*1）——妖怪6（提灯小僧*1）&#10;",
    "chapter8": null,
    "chapter9": null,
    "chapter10": null,
    "clue": null,
    "yuhun1": null,
    "yuhun2": null,
    "yuhun3": null,
    "yuhun4": null,
    "yqfy1": "二口女——第二层（提灯小僧*1）——第三层（提灯小僧*2）",
    "yqfy2": "恶鬼——第三层（提灯小僧*3）",
    "yqfy3": "海坊主——第一层（提灯小僧*1）——第三层（提灯小僧*3）",
    "yqfy4": "鬼使黑——第三层（提灯小僧*3）",
    "yqfy5": null,
    "gwfy1": "座敷童子——第三层（提灯小僧*1）",
    "gwfy2": null,
    "gwfy3": null,
    "gwfy4": null,
    "gwfy5": null,
    "gwfy6": null,
    "advice": "妖气封印——海坊主/二口女",
    "quantity": 4,
    "sushi": "（消耗体力*3）"
  },
  {
    "ID": 39,
    "name": "赤舌",
    "othername": "阎磨",
    "chapter1": "第3章（困难）——凤凰林的占卜师——妖怪2<赤舌>（赤舌*1）——妖怪5<赤舌>（赤舌*1）",
    "chapter2": "第10章（困难）——鬼为谁买醉——妖怪5<觉>（赤舌*1）",
    "chapter3": "第15章（困难）——阴界裂缝——妖怪1<天邪鬼绿>（赤舌*1）——妖怪2<提灯小僧>（赤舌*1）——妖怪3<天邪鬼绿>（赤舌*1）——妖怪4<提灯小僧>（赤舌*1）——妖怪5<天邪鬼绿>（赤舌*1）——妖怪6<提灯小僧>（赤舌*1）",
    "chapter4": "第16章（困难）——冥界审判——妖怪2<赤舌>（赤舌*1）——妖怪3<赤舌>（赤舌*2）——怪物6<赤舌>（赤舌*1）",
    "chapter5": null,
    "chapter6": null,
    "chapter7": null,
    "chapter8": null,
    "chapter9": null,
    "chapter10": null,
    "clue": null,
    "yuhun1": null,
    "yuhun2": null,
    "yuhun3": null,
    "yuhun4": null,
    "yqfy1": null,
    "yqfy2": null,
    "yqfy3": null,
    "yqfy4": null,
    "yqfy5": null,
    "gwfy1": null,
    "gwfy2": null,
    "gwfy3": null,
    "gwfy4": null,
    "gwfy5": null,
    "gwfy6": null,
    "advice": "第16章（困难）——冥界审判",
    "quantity": 2,
    "sushi": "（消耗体力*3）"
  },
  {
    "ID": 40,
    "name": "盗墓小鬼",
    "othername": "小鬼",
    "chapter1": "第2章（困难）——幸福的彼岸——妖怪1<帚神>（盗墓小鬼*1）——妖怪2<盗墓小鬼>（盗墓小鬼*1）——妖怪3<盗墓小鬼>（盗墓小鬼*1）——妖怪5<寄生魂>（盗墓小鬼*2）",
    "chapter2": "第12章（困难）——另一个晴明——妖怪3<童女>（盗墓小鬼*1）——妖怪6<童女>（盗墓小鬼*1）&#10;",
    "chapter3": null,
    "chapter4": null,
    "chapter5": null,
    "chapter6": null,
    "chapter7": null,
    "chapter8": null,
    "chapter9": null,
    "chapter10": null,
    "clue": null,
    "yuhun1": null,
    "yuhun2": null,
    "yuhun3": null,
    "yuhun4": null,
    "yqfy1": null,
    "yqfy2": null,
    "yqfy3": null,
    "yqfy4": null,
    "yqfy5": null,
    "gwfy1": "兵俑——第三层（盗墓小鬼*3）",
    "gwfy2": null,
    "gwfy3": null,
    "gwfy4": null,
    "gwfy5": null,
    "gwfy6": null,
    "advice": "第12章（困难）——另一个晴明",
    "quantity": 2,
    "sushi": "（消耗体力*3）"
  },
  {
    "ID": 41,
    "name": "寄生魂",
    "chapter1": "第2章（困难）——幸福的彼岸——妖怪1<帚神>（寄生魂*1）——妖怪2<盗墓小鬼>（寄生魂*2）——妖怪4<寄生魂>（寄生魂*1）——妖怪5<寄生魂>（寄生魂*1）",
    "chapter2": "第3章（困难）——凤凰林的占卜师——BOSS<凤凰火>（寄生魂*3）",
    "chapter3": "第5章（困难）——黑夜山的食发鬼——妖怪5<管狐>（寄生魂*1）——妖怪6<管狐>（寄生魂*1）",
    "chapter4": "第7章（困难）——恋上鲤的美——BOSS<妖狐>（寄生魂*1）",
    "chapter5": "第11章（困难）——染红了的枫叶林——妖怪1<武士之灵>（寄生魂*3）",
    "chapter6": "第12章（困难）——另一个晴明——BOSS<雪女>（寄生魂*1）",
    "chapter7": "第16章（困难）——冥界审判——妖怪2<赤舌>（寄生魂*3）——妖怪3<赤舌>（寄生魂*3）——妖怪6<赤舌>（寄生魂*3）",
    "chapter8": null,
    "chapter9": null,
    "chapter10": null,
    "clue": null,
    "yuhun1": null,
    "yuhun2": null,
    "yuhun3": null,
    "yuhun4": null,
    "yqfy1": null,
    "yqfy2": null,
    "yqfy3": null,
    "yqfy4": null,
    "yqfy5": null,
    "gwfy1": null,
    "gwfy2": null,
    "gwfy3": null,
    "gwfy4": null,
    "gwfy5": null,
    "gwfy6": null,
    "advice": "第16章（困难）——冥界审判",
    "quantity": 3,
    "sushi": "（消耗体力*3）"
  },
  {
    "ID": 42,
    "name": "唐纸伞妖",
    "othername": "雨伞，大舌头",
    "chapter1": "第4章（困难）——桥上的雨女——妖怪2<帚神>（唐纸伞妖*2）——妖怪3<唐纸伞妖>（唐纸伞妖*1）——妖怪4<唐纸伞妖>（唐纸伞妖*1）——妖怪6<天邪鬼赤>（唐纸伞妖*2）",
    "chapter2": "第8章（困难）——樱与桃——妖怪3<唐纸伞妖>（唐纸伞妖*1）——妖怪5<唐纸伞妖>（唐纸伞妖*1）&#10;",
    "chapter3": "第13章（困难）——箭与弓道——妖怪3<唐纸伞妖>（唐纸伞妖*1）——妖怪4<唐纸伞妖>（唐纸伞妖*1）——妖怪6<唐纸伞妖>（唐纸伞妖*1）",
    "chapter4": null,
    "chapter5": null,
    "chapter6": null,
    "chapter7": null,
    "chapter8": null,
    "chapter9": null,
    "chapter10": null,
    "clue": null,
    "yuhun1": null,
    "yuhun2": null,
    "yuhun3": null,
    "yuhun4": null,
    "yqfy1": "饿鬼——第二层（唐纸伞妖*1）",
    "yqfy2": null,
    "yqfy3": null,
    "yqfy4": null,
    "yqfy5": null,
    "gwfy1": null,
    "gwfy2": null,
    "gwfy3": null,
    "gwfy4": null,
    "gwfy5": null,
    "gwfy6": null,
    "advice": "第4章（困难）——桥上的雨女",
    "quantity": 3,
    "sushi": "（消耗体力*3）"
  },
  {
    "ID": 43,
    "name": "天邪鬼绿",
    "othername": null,
    "chapter1": "第1章（困难）——雀食奇谈——妖怪1<天邪鬼绿>（天邪鬼绿*1）——妖怪2<天邪鬼绿>（天邪鬼绿*1）——怪物3<提灯小僧>（天邪鬼绿*2）",
    "chapter2": "第2章（困难）——幸福的彼岸——BOSS<座敷童子>（天邪鬼绿*2）",
    "chapter3": "第5章（困难）——黑夜山的食发鬼——妖怪6<管狐>（天邪鬼绿*3）",
    "chapter4": "第6章（困难）——似梦非梦——妖怪3<天邪鬼青>（站）（天邪鬼绿*3）——妖怪4天邪鬼青(动)（天邪鬼绿*3）——BOSS(巫蛊师)（天邪鬼绿*3）",
    "chapter5": "第8章（困难）——樱与桃——妖怪1<天邪鬼绿>（天邪鬼绿*1）——妖怪4<天邪鬼绿>（天邪鬼绿*1）",
    "chapter6": "第13章（困难）——箭与弓道——妖怪3<唐纸伞妖>（天邪鬼绿*2）——妖怪4<唐纸伞妖>（天邪鬼绿*2）——妖怪6<唐纸伞妖>（天邪鬼绿*2）",
    "chapter7": "第15章（困难）——阴界裂缝——妖怪1<天邪鬼绿>（天邪鬼绿*1）——怪物3<天邪鬼绿>（天邪鬼绿*1）——怪物5<天邪鬼绿>（天邪鬼绿*1）&#10;",
    "chapter8": null,
    "chapter9": null,
    "chapter10": null,
    "clue": null,
    "yuhun1": null,
    "yuhun2": null,
    "yuhun3": null,
    "yuhun4": null,
    "yqfy1": "跳跳哥哥——第一层（天邪鬼绿*4）",
    "yqfy2": "椒图——第一层（天邪鬼绿*3）——第二层（天邪鬼绿*3）——第三层（天邪鬼绿*2）",
    "yqfy3": "骨女——第二层（天邪鬼绿*3）——第三层（天邪鬼绿*3）",
    "yqfy4": "饿鬼——第一层（天邪鬼绿*3）——第二层（天邪鬼绿*3）",
    "yqfy5": "海坊主——第二层（天邪鬼绿*1）",
    "gwfy1": "鸦天狗——第三层（天邪鬼绿*3）",
    "gwfy2": "童女——第三层（天邪鬼绿*2）",
    "gwfy3": "惠比寿——第三层（天邪鬼绿*3）",
    "gwfy4": "镰鼬——第三层（天邪鬼绿*3）",
    "gwfy5": "童男——第三层（天邪鬼绿*2）",
    "gwfy6": "荒川之主——第三层（天邪鬼绿*4）",
    "advice": "妖气封印——椒图",
    "quantity": 8,
    "sushi": "（消耗体力*3）"
  },
  {
    "ID": 44,
    "name": "帚神",
    "othername": "扫把",
    "chapter1": "第2章（困难）——幸福的彼岸——妖怪1<帚神>（帚神*1）",
    "chapter2": "第3章（困难）——凤凰林的占卜师——怪物1<天邪鬼黄>（帚神*1）",
    "chapter3": "第4章（困难）——桥上的雨女——妖怪1<帚神>（走）（帚神*1）——妖怪2<帚神>（坐）（帚神*1）——BOSS<雨女>（帚神*2）",
    "chapter4": "第5章（困难）——黑夜山的食发鬼——妖怪3<帚神>（走）（帚神*1）——妖怪4<帚神>（睡）（帚神*1）",
    "chapter5": "第6章（困难）——似梦非梦——妖怪1<灯笼鬼>（帚神*3）——妖怪2<灯笼鬼>（帚神*3）",
    "chapter6": "第7章（困难）——恋上鲤的美——妖怪1<鲤鱼精>（帚神*1）——妖怪2<鲤鱼精>（帚神*3）&#10;",
    "chapter7": "第8章（困难）——樱与桃——妖怪2<樱花妖>（帚神*1）——妖怪3<唐纸伞妖>（帚神*3）——妖怪5<唐纸伞妖>（帚神*1）——BOSS<桃花妖>（帚神*1）",
    "chapter8": "第9章（困难）——兔蛙茶和锅——妖怪2<铁鼠>（帚神*3）——妖怪6<铁鼠>（帚神*2）",
    "chapter9": "第12章（困难）——另一个晴明——妖怪1<海坊主>（帚神*1）",
    "chapter10": "第14章（困难）——梦境的邂逅——妖怪1<帚神>（帚神*1）——怪物4<帚神>（帚神*1）——怪物5<帚神>（帚神*1）&#10;",
    "clue": null,
    "yuhun1": null,
    "yuhun2": null,
    "yuhun3": null,
    "yuhun4": null,
    "yqfy1": "跳跳哥哥——第二层（帚神*2）",
    "yqfy2": "骨女——第一层（帚神*4）",
    "yqfy3": "二口女——第一层（帚神*1）——第二层（帚神*3）",
    "yqfy4": "鬼使黑——第二层（帚神*3）",
    "yqfy5": null,
    "gwfy1": "所有鬼王封印——第二层（帚神*3）",
    "gwfy2": null,
    "gwfy3": null,
    "gwfy4": null,
    "gwfy5": null,
    "gwfy6": null,
    "advice": "妖气封印——骨女/二口女",
    "quantity": 4,
    "sushi": "（消耗体力*3）"
  },
  {
    "ID": 45,
    "name": "鬼女红叶",
    "othername": "红叶",
    "chapter1": "第11章（困难）——染红了的枫叶林妖——BOSS<鬼女红叶>（鬼女红叶*2）",
    "chapter2": null,
    "chapter3": null,
    "chapter4": null,
    "chapter5": null,
    "chapter6": null,
    "chapter7": null,
    "chapter8": null,
    "chapter9": null,
    "chapter10": null,
    "clue": "美丽的女妖怪、身上的饰品",
    "yuhun1": null,
    "yuhun2": null,
    "yuhun3": null,
    "yuhun4": null,
    "yqfy1": null,
    "yqfy2": null,
    "yqfy3": null,
    "yqfy4": null,
    "yqfy5": null,
    "gwfy1": "鬼女红叶——第三层（鬼女红叶*4）",
    "gwfy2": "酒吞童子——第三层（鬼女红叶*2）",
    "gwfy3": "茨木童子——第三层（鬼女红叶*2）",
    "gwfy4": null,
    "gwfy5": null,
    "gwfy6": null,
    "advice": "第11章（困难）——染红了的枫叶林妖",
    "quantity": 2,
    "sushi": "（消耗体力*3）"
  },
  {
    "ID": 46,
    "name": "二口女",
    "chapter1": null,
    "chapter2": null,
    "chapter3": null,
    "chapter4": null,
    "chapter5": null,
    "chapter6": null,
    "chapter7": null,
    "chapter8": null,
    "chapter9": null,
    "chapter10": null,
    "clue": null,
    "yuhun1": "御魂10，第一层，（二口女*1）",
    "yuhun2": null,
    "yuhun3": null,
    "yuhun4": null,
    "yqfy1": "二口女——第三层（二口女*2）",
    "yqfy2": null,
    "yqfy3": null,
    "yqfy4": null,
    "yqfy5": null,
    "gwfy1": null,
    "gwfy2": null,
    "gwfy3": null,
    "gwfy4": null,
    "gwfy5": null,
    "gwfy6": null,
    "advice": "妖气封印——二口女",
    "quantity": 3,
    "sushi": "（消耗体力*3）"
  },
  {
    "ID": 47,
    "name": "骨女",
    "othername": "骷髅精，白骨精",
    "chapter1": "第10章（困难）——鬼为谁买醉——BOSS<酒吞童子>(骨女*2）",
    "chapter2": "第11章（困难）——染红了的枫叶林——BOSS<鬼女红叶>（骨女*1）",
    "chapter3": "第13章（困难）——箭与弓道——BOSS<首无>（骨女*1）",
    "chapter4": "第17章（困难）——阴阳逆反——BOSS<荒川之主>（骨女*1）",
    "chapter5": null,
    "chapter6": null,
    "chapter7": null,
    "chapter8": null,
    "chapter9": null,
    "chapter10": null,
    "clue": "骷髅、怨恨、剑",
    "yuhun1": "御魂5，第一层，（骨女*1）",
    "yuhun2": "御魂6，第三层，（骨女*2）",
    "yuhun3": null,
    "yuhun4": null,
    "yqfy1": "骨女——第三层（骨女*3）",
    "yqfy2": null,
    "yqfy3": null,
    "yqfy4": null,
    "yqfy5": null,
    "gwfy1": null,
    "gwfy2": null,
    "gwfy3": null,
    "gwfy4": null,
    "gwfy5": null,
    "gwfy6": null,
    "advice": "妖气封印--骨女",
    "quantity": 3,
    "sushi": "（消耗体力*3）"
  },
  {
    "ID": 48,
    "name": "清姬",
    "othername": "蛇妖，赵灵儿",
    "chapter1": null,
    "chapter2": null,
    "chapter3": null,
    "chapter4": null,
    "chapter5": null,
    "chapter6": null,
    "chapter7": null,
    "chapter8": null,
    "chapter9": null,
    "chapter10": null,
    "clue": null,
    "yuhun1": "御魂9，第二层，（清姬*1）",
    "yuhun2": null,
    "yuhun3": null,
    "yuhun4": null,
    "yqfy1": null,
    "yqfy2": null,
    "yqfy3": null,
    "yqfy4": null,
    "yqfy5": null,
    "gwfy1": "清姬——第三层(清姬*6)",
    "gwfy2": null,
    "gwfy3": null,
    "gwfy4": null,
    "gwfy5": null,
    "gwfy6": null,
    "advice": "御魂9",
    "quantity": 1,
    "sushi": "（消耗体力*4）"
  },
  {
    "ID": 49,
    "name": "樱花妖",
    "othername": "樱花",
    "chapter1": "第8章（困难）——樱与桃——妖怪2<樱花妖>（樱花妖*1）——妖怪6<樱花妖>（樱花妖*1）——BOSS<桃花妖>（樱花妖*1）",
    "chapter2": null,
    "chapter3": null,
    "chapter4": null,
    "chapter5": null,
    "chapter6": null,
    "chapter7": null,
    "chapter8": null,
    "chapter9": null,
    "chapter10": null,
    "clue": null,
    "yuhun1": null,
    "yuhun2": null,
    "yuhun3": null,
    "yuhun4": null,
    "yqfy1": null,
    "yqfy2": null,
    "yqfy3": null,
    "yqfy4": null,
    "yqfy5": null,
    "gwfy1": null,
    "gwfy2": null,
    "gwfy3": null,
    "gwfy4": null,
    "gwfy5": null,
    "gwfy6": null,
    "advice": "第8章（困难）——樱与桃",
    "quantity": 1,
    "sushi": "（消耗体力*3）"
  },
  {
    "ID": 50,
    "name": "妖琴师",
    "othername": "白发",
    "chapter1": null,
    "chapter2": null,
    "chapter3": null,
    "chapter4": null,
    "chapter5": null,
    "chapter6": null,
    "chapter7": null,
    "chapter8": null,
    "chapter9": null,
    "chapter10": null,
    "clue": null,
    "yuhun1": "御魂7，第二层，（妖琴师*1）",
    "yuhun2": null,
    "yuhun3": null,
    "yuhun4": null,
    "yqfy1": null,
    "yqfy2": null,
    "yqfy3": null,
    "yqfy4": null,
    "yqfy5": null,
    "gwfy1": "妖琴师——第三层（妖琴师*6）",
    "gwfy2": null,
    "gwfy3": null,
    "gwfy4": null,
    "gwfy5": null,
    "gwfy6": null,
    "advice": "御魂7",
    "quantity": 1,
    "sushi": "（消耗体力*4）"
  },
  {
    "ID": 51,
    "name": "雪女",
    "othername": "雪妖，冰女",
    "chapter1": "第8章（困难）——樱与桃——妖怪2<樱花妖>（雪女*1）——妖怪6<樱花妖>（雪女*1）",
    "chapter2": "第12章（困难）——另一个晴明——妖怪3<童女>（雪女*1）——妖怪6<童女>（雪女*1）——BOSS<雪女>（雪女*2）",
    "chapter3": null,
    "chapter4": null,
    "chapter5": null,
    "chapter6": null,
    "chapter7": null,
    "chapter8": null,
    "chapter9": null,
    "chapter10": null,
    "clue": null,
    "yuhun1": null,
    "yuhun2": null,
    "yuhun3": null,
    "yuhun4": null,
    "yqfy1": null,
    "yqfy2": null,
    "yqfy3": null,
    "yqfy4": null,
    "yqfy5": null,
    "gwfy1": "青行灯——第三层（雪女*2）",
    "gwfy2": "大天狗——第三层（雪女*3）",
    "gwfy3": null,
    "gwfy4": null,
    "gwfy5": null,
    "gwfy6": null,
    "advice": "第12章（困难）——另一个晴明",
    "quantity": 1,
    "sushi": "（消耗体力*3）"
  },
  {
    "ID": 52,
    "name": "白狼",
    "chapter1": null,
    "chapter2": null,
    "chapter3": null,
    "chapter4": null,
    "chapter5": null,
    "chapter6": null,
    "chapter7": null,
    "chapter8": null,
    "chapter9": null,
    "chapter10": null,
    "clue": null,
    "yuhun1": "御魂8，第二层，（白狼*1）",
    "yuhun2": null,
    "yuhun3": null,
    "yuhun4": null,
    "yqfy1": null,
    "yqfy2": null,
    "yqfy3": null,
    "yqfy4": null,
    "yqfy5": null,
    "gwfy1": "白狼——第三层（白狼*6）",
    "gwfy2": null,
    "gwfy3": null,
    "gwfy4": null,
    "gwfy5": null,
    "gwfy6": null,
    "advice": "御魂8",
    "quantity": 1,
    "sushi": "（消耗体力*4）"
  },
  {
    "ID": 53,
    "name": "判官",
    "othername": "毛笔，瞎子",
    "chapter1": "第16章（困难）——冥界审判——BOSS<判官>（判官*1）",
    "chapter2": null,
    "chapter3": null,
    "chapter4": null,
    "chapter5": null,
    "chapter6": null,
    "chapter7": null,
    "chapter8": null,
    "chapter9": null,
    "chapter10": null,
    "clue": null,
    "yuhun1": "御魂8，第一层，（判官*1）",
    "yuhun2": null,
    "yuhun3": null,
    "yuhun4": null,
    "yqfy1": null,
    "yqfy2": null,
    "yqfy3": null,
    "yqfy4": null,
    "yqfy5": null,
    "gwfy1": "判官——第三层（判官*4）",
    "gwfy2": "阎魔——第三层（判官*3）",
    "gwfy3": "孟婆——第三层（判官*4）",
    "gwfy4": null,
    "gwfy5": null,
    "gwfy6": null,
    "advice": "御魂8",
    "quantity": 1,
    "sushi": "（消耗体力*4）"
  },
  {
    "ID": 54,
    "name": "凤凰火",
    "chapter1": "第3章（困难）——凤凰林的占卜师——BOSS<凤凰火>（凤凰火*1）",
    "chapter2": null,
    "chapter3": null,
    "chapter4": null,
    "chapter5": null,
    "chapter6": null,
    "chapter7": null,
    "chapter8": null,
    "chapter9": null,
    "chapter10": null,
    "clue": null,
    "yuhun1": "御魂7，第一层，（凤凰火*1）",
    "yuhun2": null,
    "yuhun3": null,
    "yuhun4": null,
    "yqfy1": null,
    "yqfy2": null,
    "yqfy3": null,
    "yqfy4": null,
    "yqfy5": null,
    "gwfy1": "凤凰火——第三层（凤凰火*3）",
    "gwfy2": null,
    "gwfy3": null,
    "gwfy4": null,
    "gwfy5": null,
    "gwfy6": null,
    "advice": "御魂7",
    "quantity": 1,
    "sushi": "（消耗体力*4）"
  },
  {
    "ID": 55,
    "name": "九命猫",
    "othername": "复活猫",
    "chapter1": "第1章（困难）——食雀奇谈——BOSS<九命猫>（九命猫*3）",
    "chapter2": "第15章（困难）——阴界裂缝——妖怪2<提灯小僧>（九命猫*2）——妖怪4<提灯小僧>（九命猫*2）——怪物6<提灯小僧>（九命猫*2）——BOSS<跳跳妹妹>（九命猫*3）",
    "chapter3": "第18章（困难）——阴阳之理——妖怪1<九命猫>（九命猫*6）——妖怪2<三尾狐>（九命猫*1）——妖怪3<三尾狐>（九命猫*1）——怪物4<九命猫>（九命猫*6）——怪物5<三尾狐>（九命猫*1）——怪物6<九命猫>（九命猫*6）",
    "chapter4": null,
    "chapter5": null,
    "chapter6": null,
    "chapter7": null,
    "chapter8": null,
    "chapter9": null,
    "chapter10": null,
    "clue": null,
    "yuhun1": null,
    "yuhun2": null,
    "yuhun3": null,
    "yuhun4": null,
    "yqfy1": null,
    "yqfy2": null,
    "yqfy3": null,
    "yqfy4": null,
    "yqfy5": null,
    "gwfy1": "犬神——第三层（九命猫*3）",
    "gwfy2": null,
    "gwfy3": null,
    "gwfy4": null,
    "gwfy5": null,
    "gwfy6": null,
    "advice": "第18章（普通）——阴阳之理",
    "quantity": 6,
    "sushi": "（消耗体力*3）"
  },
  {
    "ID": 56,
    "name": "狸猫",
    "othername": "小浣熊",
    "chapter1": "第10章（困难）——鬼为谁买醉——妖怪3<觉>（狸猫*3）——妖怪4<傀儡师>（狸猫*2）",
    "chapter2": "第17章（困难）——阴阳逆反——妖怪2<狸猫>（狸猫*1）——怪物3<狸猫>（狸猫*1）——怪物6<狸猫>（狸猫*1）",
    "chapter3": null,
    "chapter4": null,
    "chapter5": null,
    "chapter6": null,
    "chapter7": null,
    "chapter8": null,
    "chapter9": null,
    "chapter10": null,
    "clue": null,
    "yuhun1": "御魂9，第二层，（狸猫*1）",
    "yuhun2": null,
    "yuhun3": null,
    "yuhun4": null,
    "yqfy1": null,
    "yqfy2": null,
    "yqfy3": null,
    "yqfy4": null,
    "yqfy5": null,
    "gwfy1": null,
    "gwfy2": null,
    "gwfy3": null,
    "gwfy4": null,
    "gwfy5": null,
    "gwfy6": null,
    "advice": "第10章（困难）——鬼为谁买醉",
    "quantity": 3,
    "sushi": "（消耗体力*3）"
  },
  {
    "ID": 57,
    "name": "饿鬼",
    "chapter1": "第9章（困难）——兔蛙茶和锅——BOSS<孟婆>（饿鬼*3）",
    "chapter2": "第11章（困难）——染红了的枫叶林——妖怪5<饿鬼>(上)（饿鬼*1）——妖怪6<饿鬼>(右)（饿鬼*3）",
    "chapter3": "第13章（困难）——箭与弓道——妖怪1<饿鬼>（饿鬼*1）——妖怪2<饿鬼>（饿鬼*1）——妖怪5<饿鬼>（饿鬼*1）",
    "chapter4": "第16章（困难）——冥界审判——妖怪1<饿鬼>（饿鬼*1）——妖怪4<饿鬼>（饿鬼*1）——妖怪5<饿鬼>（饿鬼*1）",
    "chapter5": null,
    "chapter6": null,
    "chapter7": null,
    "chapter8": null,
    "chapter9": null,
    "chapter10": null,
    "clue": null,
    "yuhun1": "御魂8，第一层，（饿鬼*1）",
    "yuhun2": null,
    "yuhun3": null,
    "yuhun4": null,
    "yqfy1": "饿鬼——第三层（饿鬼*3）",
    "yqfy2": null,
    "yqfy3": null,
    "yqfy4": null,
    "yqfy5": null,
    "gwfy1": null,
    "gwfy2": null,
    "gwfy3": null,
    "gwfy4": null,
    "gwfy5": null,
    "gwfy6": null,
    "advice": "妖气封印--饿鬼",
    "quantity": 3,
    "sushi": "（消耗体力*3）"
  },
  {
    "ID": 58,
    "name": "巫蛊师",
    "chapter1": "第6章（困难）——似梦非梦——BOSS<巫蛊师>（巫蛊师*1）",
    "chapter2": null,
    "chapter3": null,
    "chapter4": null,
    "chapter5": null,
    "chapter6": null,
    "chapter7": null,
    "chapter8": null,
    "chapter9": null,
    "chapter10": null,
    "clue": null,
    "yuhun1": "御魂6，第二层，（巫蛊师*1）",
    "yuhun2": null,
    "yuhun3": null,
    "yuhun4": null,
    "yqfy1": null,
    "yqfy2": null,
    "yqfy3": null,
    "yqfy4": null,
    "yqfy5": null,
    "gwfy1": "蝴蝶精——第三层（巫蛊师*3）",
    "gwfy2": null,
    "gwfy3": null,
    "gwfy4": null,
    "gwfy5": null,
    "gwfy6": null,
    "advice": "御魂6",
    "quantity": 1,
    "sushi": "（消耗体力*4）"
  },
  {
    "ID": 59,
    "name": "食发鬼",
    "chapter1": "第5章（困难）——黑夜山的食发鬼——BOSS<食发鬼>（食发鬼*1）",
    "chapter2": "第10章（困难）——鬼为谁买醉——BOSS<酒吞童子>（食发鬼*2）",
    "chapter3": null,
    "chapter4": null,
    "chapter5": null,
    "chapter6": null,
    "chapter7": null,
    "chapter8": null,
    "chapter9": null,
    "chapter10": null,
    "clue": null,
    "yuhun1": "御魂7，第一层，（食发鬼*1）",
    "yuhun2": null,
    "yuhun3": null,
    "yuhun4": null,
    "yqfy1": null,
    "yqfy2": null,
    "yqfy3": null,
    "yqfy4": null,
    "yqfy5": null,
    "gwfy1": null,
    "gwfy2": null,
    "gwfy3": null,
    "gwfy4": null,
    "gwfy5": null,
    "gwfy6": null,
    "advice": "御魂7",
    "quantity": 1,
    "sushi": "（消耗体力*4）"
  },
  {
    "ID": 60,
    "name": "武士之灵",
    "chapter1": "第11章（困难）——染红了的枫叶林——妖怪1<武士之灵>（武士之灵*1）——妖怪2<武士之灵>（武士之灵*1）",
    "chapter2": "第12章（困难）——另一个晴明——BOSS<雪女>（武士之灵*2）",
    "chapter3": null,
    "chapter4": null,
    "chapter5": null,
    "chapter6": null,
    "chapter7": null,
    "chapter8": null,
    "chapter9": null,
    "chapter10": null,
    "clue": null,
    "yuhun1": null,
    "yuhun2": null,
    "yuhun3": null,
    "yuhun4": null,
    "yqfy1": null,
    "yqfy2": null,
    "yqfy3": null,
    "yqfy4": null,
    "yqfy5": null,
    "gwfy1": null,
    "gwfy2": null,
    "gwfy3": null,
    "gwfy4": null,
    "gwfy5": null,
    "gwfy6": null,
    "advice": "第11章（困难）——染红了的枫叶林",
    "quantity": 1,
    "sushi": "（消耗体力*3）"
  },
  {
    "ID": 61,
    "name": "跳跳妹妹",
    "othername": "跳妹",
    "chapter1": "第12章（困难）——另一个晴明——BOSS<雪女>（跳跳妹妹*1）",
    "chapter2": "第15章（困难）——阴界裂缝——BOSS<跳跳妹妹>（跳跳妹妹*1）",
    "chapter3": null,
    "chapter4": null,
    "chapter5": null,
    "chapter6": null,
    "chapter7": null,
    "chapter8": null,
    "chapter9": null,
    "chapter10": null,
    "clue": null,
    "yuhun1": null,
    "yuhun2": null,
    "yuhun3": null,
    "yuhun4": null,
    "yqfy1": null,
    "yqfy2": null,
    "yqfy3": null,
    "yqfy4": null,
    "yqfy5": null,
    "gwfy1": "跳跳妹妹——第三层（跳跳妹妹*3）",
    "gwfy2": null,
    "gwfy3": null,
    "gwfy4": null,
    "gwfy5": null,
    "gwfy6": null,
    "advice": "第15章（困难）——阴界裂缝",
    "quantity": 1,
    "sushi": "（消耗体力*3）"
  },
  {
    "ID": 62,
    "name": "铁鼠",
    "othername": "钱鼠，贾玲",
    "chapter1": "第9章（困难）——兔蛙茶和锅——妖怪2<铁鼠>（铁鼠*1）——妖怪3<提灯小僧>（铁鼠*2）——妖怪5<山兔>（铁鼠*1）——妖怪6<铁鼠>（铁鼠*2）",
    "chapter2": null,
    "chapter3": null,
    "chapter4": null,
    "chapter5": null,
    "chapter6": null,
    "chapter7": null,
    "chapter8": null,
    "chapter9": null,
    "chapter10": null,
    "clue": null,
    "yuhun1": null,
    "yuhun2": null,
    "yuhun3": null,
    "yuhun4": null,
    "yqfy1": "金币怪物（铁鼠*18）",
    "yqfy2": null,
    "yqfy3": null,
    "yqfy4": null,
    "yqfy5": null,
    "gwfy1": "惠比寿——第三层（铁鼠*2）",
    "gwfy2": null,
    "gwfy3": null,
    "gwfy4": null,
    "gwfy5": null,
    "gwfy6": null,
    "advice": "妖气封印——金币妖怪",
    "quantity": 18,
    "sushi": "（消耗体力*3）"
  },
  {
    "ID": 63,
    "name": "管狐",
    "othername": "管子，机关炮",
    "chapter1": "第5章（困难）——黑夜山的食发鬼——妖怪5<管狐>（管狐*2）——妖怪6<管狐>（管狐*1）",
    "chapter2": "第7章（困难）——恋上鲤的美——妖怪6<提灯小僧>（右）（管狐*1）",
    "chapter3": "第11章（困难）——染红了的枫叶林——妖怪4<独眼小僧>（下）（管狐*1）——妖怪5<饿鬼>（上）（管狐*2）——妖怪6<饿鬼>(右)（管狐*1）",
    "chapter4": null,
    "chapter5": null,
    "chapter6": null,
    "chapter7": null,
    "chapter8": null,
    "chapter9": null,
    "chapter10": null,
    "clue": null,
    "yuhun1": "御魂8，第一层，（管狐*1）",
    "yuhun2": null,
    "yuhun3": null,
    "yuhun4": null,
    "yqfy1": null,
    "yqfy2": null,
    "yqfy3": null,
    "yqfy4": null,
    "yqfy5": null,
    "gwfy1": "丑时之女——第三层（管狐*3）",
    "gwfy2": "管狐——第三层（管狐*6）",
    "gwfy3": null,
    "gwfy4": null,
    "gwfy5": null,
    "gwfy6": null,
    "advice": "第5章（困难）——黑夜山的食发鬼/第11章（困难）——染红了的枫叶林",
    "quantity": 2,
    "sushi": "（消耗体力*3）"
  },
  {
    "ID": 64,
    "name": "山兔",
    "othername": "兔子，蛤蟆，套圈",
    "chapter1": "第9章（困难）——兔蛙茶和锅——妖怪4<山兔>（山兔*4）——妖怪5<山兔>（山兔*3）",
    "chapter2": "第13章（困难）——箭与弓道——BOSS<首无>（山兔*1）",
    "chapter3": "第16章（困难）——冥界审判——妖怪1<饿鬼>（山兔*1）——怪物4<饿鬼>（山兔*1）——怪物5<饿鬼>（山兔*1）",
    "chapter4": "第17章（困难）——阴阳逆反——BOSS<荒川之主>（山兔*1）",
    "chapter5": null,
    "chapter6": null,
    "chapter7": null,
    "chapter8": null,
    "chapter9": null,
    "chapter10": null,
    "clue": null,
    "yuhun1": "御魂7，第二层，（山兔*1）",
    "yuhun2": null,
    "yuhun3": null,
    "yuhun4": null,
    "yqfy1": null,
    "yqfy2": null,
    "yqfy3": null,
    "yqfy4": null,
    "yqfy5": null,
    "gwfy1": null,
    "gwfy2": null,
    "gwfy3": null,
    "gwfy4": null,
    "gwfy5": null,
    "gwfy6": null,
    "advice": "第9章（困难）——兔蛙茶和锅",
    "quantity": 4,
    "sushi": "（消耗体力*3）"
  },
  {
    "ID": 65,
    "name": "首无",
    "othername": "信使、抱头",
    "chapter1": "第13章（困难）——箭与弓道——妖怪5<唐纸伞妖>（首无*1）——妖怪6<饿鬼>（首无*1）——BOSS<首无>（首无*1）",
    "chapter2": null,
    "chapter3": null,
    "chapter4": null,
    "chapter5": null,
    "chapter6": null,
    "chapter7": null,
    "chapter8": null,
    "chapter9": null,
    "chapter10": null,
    "clue": null,
    "yuhun1": null,
    "yuhun2": null,
    "yuhun3": null,
    "yuhun4": null,
    "yqfy1": null,
    "yqfy2": null,
    "yqfy3": null,
    "yqfy4": null,
    "yqfy5": null,
    "gwfy1": null,
    "gwfy2": null,
    "gwfy3": null,
    "gwfy4": null,
    "gwfy5": null,
    "gwfy6": null,
    "advice": "第13章（困难）——箭与弓道",
    "quantity": 1,
    "sushi": "（消耗体力*3）"
  },
  {
    "ID": 66,
    "name": "觉",
    "chapter1": "第10章（困难）——鬼为谁买醉——妖怪3<觉>（觉*1）——妖怪4<傀儡师>（觉*1）——妖怪5<觉>（觉*1）——妖怪6<傀儡师>（觉*1）",
    "chapter2": "第11章（困难）——染红了的枫叶林——BOSS<鬼女红叶>（觉*2）",
    "chapter3": null,
    "chapter4": null,
    "chapter5": null,
    "chapter6": null,
    "chapter7": null,
    "chapter8": null,
    "chapter9": null,
    "chapter10": null,
    "clue": null,
    "yuhun1": "御魂10，第一层，（觉*1）",
    "yuhun2": null,
    "yuhun3": null,
    "yuhun4": null,
    "yqfy1": null,
    "yqfy2": null,
    "yqfy3": null,
    "yqfy4": null,
    "yqfy5": null,
    "gwfy1": "莹草——第三层（觉*3）",
    "gwfy2": null,
    "gwfy3": null,
    "gwfy4": null,
    "gwfy5": null,
    "gwfy6": null,
    "advice": "第10章（困难）——鬼为谁买醉",
    "quantity": 1,
    "sushi": "（消耗体力*3）"
  },
  {
    "ID": 67,
    "name": "惠比寿",
    "othername": "金鱼佬",
    "chapter1": null,
    "chapter2": null,
    "chapter3": null,
    "chapter4": null,
    "chapter5": null,
    "chapter6": null,
    "chapter7": null,
    "chapter8": null,
    "chapter9": null,
    "chapter10": null,
    "clue": null,
    "yuhun1": null,
    "yuhun2": null,
    "yuhun3": null,
    "yuhun4": null,
    "yqfy1": null,
    "yqfy2": null,
    "yqfy3": null,
    "yqfy4": null,
    "yqfy5": null,
    "gwfy1": "惠比寿——第三层（惠比寿*1）",
    "gwfy2": null,
    "gwfy3": null,
    "gwfy4": null,
    "gwfy5": null,
    "gwfy6": null,
    "advice": null,
    "quantity": null,
    "sushi": null
  },
  {
    "ID": 68,
    "name": "荒川之主",
    "othername": "咸鱼王",
    "chapter1": "第17章（困难）——阴阳逆反——BOSS<荒川之主>（荒川之主*1）",
    "chapter2": null,
    "chapter3": null,
    "chapter4": null,
    "chapter5": null,
    "chapter6": null,
    "chapter7": null,
    "chapter8": null,
    "chapter9": null,
    "chapter10": null,
    "clue": null,
    "yuhun1": "御魂7，第三层，（荒川之主*2）",
    "yuhun2": null,
    "yuhun3": null,
    "yuhun4": null,
    "yqfy1": null,
    "yqfy2": null,
    "yqfy3": null,
    "yqfy4": null,
    "yqfy5": null,
    "gwfy1": "荒川之主——第三层（荒川之主*2）",
    "gwfy2": null,
    "gwfy3": null,
    "gwfy4": null,
    "gwfy5": null,
    "gwfy6": null,
    "advice": "御魂7",
    "quantity": 2,
    "sushi": "（消耗体力*4）"
  },
  {
    "ID": 69,
    "name": "青行灯",
    "othername": "青灯，灯姐",
    "chapter1": null,
    "chapter2": null,
    "chapter3": null,
    "chapter4": null,
    "chapter5": null,
    "chapter6": null,
    "chapter7": null,
    "chapter8": null,
    "chapter9": null,
    "chapter10": null,
    "clue": null,
    "yuhun1": "御魂1）0，第二层，（青行灯*1）",
    "yuhun2": null,
    "yuhun3": null,
    "yuhun4": null,
    "yqfy1": null,
    "yqfy2": null,
    "yqfy3": null,
    "yqfy4": null,
    "yqfy5": null,
    "gwfy1": "青行灯——第三层（青行灯*3）",
    "gwfy2": null,
    "gwfy3": null,
    "gwfy4": null,
    "gwfy5": null,
    "gwfy6": null,
    "advice": "御魂10",
    "quantity": 1,
    "sushi": "（消耗体力*4）"
  },
  {
    "ID": 70,
    "name": "茨木童子",
    "othername": "次木，地狱手",
    "chapter1": null,
    "chapter2": null,
    "chapter3": null,
    "chapter4": null,
    "chapter5": null,
    "chapter6": null,
    "chapter7": null,
    "chapter8": null,
    "chapter9": null,
    "chapter10": null,
    "clue": null,
    "yuhun1": "御魂8，第三层，（茨木童子*2)",
    "yuhun2": null,
    "yuhun3": null,
    "yuhun4": null,
    "yqfy1": null,
    "yqfy2": null,
    "yqfy3": null,
    "yqfy4": null,
    "yqfy5": null,
    "gwfy1": "酒吞童子——第三层（茨木童子*1）",
    "gwfy2": "茨木童子——第三层（茨木童子*3）",
    "gwfy3": null,
    "gwfy4": null,
    "gwfy5": null,
    "gwfy6": null,
    "advice": "御魂8",
    "quantity": 2,
    "sushi": "（消耗体力*4）"
  },
  {
    "ID": 71,
    "name": "酒吞童子",
    "othername": "葫芦娃",
    "chapter1": "第10章（困难）——鬼为谁买醉——BOSS<酒吞童子>（酒吞童子*2）",
    "chapter2": null,
    "chapter3": null,
    "chapter4": null,
    "chapter5": null,
    "chapter6": null,
    "chapter7": null,
    "chapter8": null,
    "chapter9": null,
    "chapter10": null,
    "clue": null,
    "yuhun1": "御魂7，第二层，（酒吞童子*1）",
    "yuhun2": "御魂10，第二层，（酒吞童子*1）",
    "yuhun3": null,
    "yuhun4": null,
    "yqfy1": null,
    "yqfy2": null,
    "yqfy3": null,
    "yqfy4": null,
    "yqfy5": null,
    "gwfy1": "鬼女红叶——第三层（酒吞童子*2）",
    "gwfy2": "酒吞童子——第三层（酒吞童子*3）",
    "gwfy3": "茨木童子——第三层（酒吞童子*1）",
    "gwfy4": null,
    "gwfy5": null,
    "gwfy6": null,
    "advice": "御魂7",
    "quantity": 1,
    "sushi": "（消耗体力*4）"
  },
  {
    "ID": 72,
    "name": "小鹿男",
    "othername": "小鹿",
    "chapter1": null,
    "chapter2": null,
    "chapter3": null,
    "chapter4": null,
    "chapter5": null,
    "chapter6": null,
    "chapter7": null,
    "chapter8": null,
    "chapter9": null,
    "chapter10": null,
    "clue": null,
    "yuhun1": null,
    "yuhun2": null,
    "yuhun3": null,
    "yuhun4": null,
    "yqfy1": null,
    "yqfy2": null,
    "yqfy3": null,
    "yqfy4": null,
    "yqfy5": null,
    "gwfy1": "小鹿男——第三层（小鹿男*6）",
    "gwfy2": "青行灯——第三层（小鹿男*1）",
    "gwfy3": null,
    "gwfy4": null,
    "gwfy5": null,
    "gwfy6": null,
    "advice": null,
    "quantity": null,
    "sushi": null
  },
  {
    "ID": 73,
    "name": "姑获鸟",
    "othername": "咕咕鸟，姑姑鸟，飒，伞剑",
    "chapter1": null,
    "chapter2": null,
    "chapter3": null,
    "chapter4": null,
    "chapter5": null,
    "chapter6": null,
    "chapter7": null,
    "chapter8": null,
    "chapter9": null,
    "chapter10": null,
    "clue": null,
    "yuhun1": null,
    "yuhun2": null,
    "yuhun3": null,
    "yuhun4": null,
    "yqfy1": null,
    "yqfy2": null,
    "yqfy3": null,
    "yqfy4": null,
    "yqfy5": null,
    "gwfy1": "姑获鸟——第三层（姑获鸟*3）",
    "gwfy2": null,
    "gwfy3": null,
    "gwfy4": null,
    "gwfy5": null,
    "gwfy6": null,
    "advice": null,
    "quantity": null,
    "sushi": null
  },
  {
    "ID": 74,
    "name": "跳跳弟弟",
    "chapter1": null,
    "chapter2": null,
    "chapter3": null,
    "chapter4": null,
    "chapter5": null,
    "chapter6": null,
    "chapter7": null,
    "chapter8": null,
    "chapter9": null,
    "chapter10": null,
    "clue": null,
    "yuhun1": null,
    "yuhun2": null,
    "yuhun3": null,
    "yuhun4": null,
    "yqfy1": null,
    "yqfy2": null,
    "yqfy3": null,
    "yqfy4": null,
    "yqfy5": null,
    "gwfy1": "跳跳妹妹——第三层（跳跳弟弟*2）",
    "gwfy2": null,
    "gwfy3": null,
    "gwfy4": null,
    "gwfy5": null,
    "gwfy6": null,
    "advice": null,
    "sushi": null
  }
]